{"bc1qfxquusejw9cgnrs8dupkdvns6sxkxl584m8tcw":{"received":1396.3068493800001,"trx_counter":1},"3EVxvZTSpA55VYKPkAVxFcb6VCC66ZBUwu":{"received":1531.61194112,"trx_counter":1},"bc1qngh6x2r72mp4nh88l083au728z7me0plytwfj7":{"received":119.67972975,"trx_counter":1},"38o2kD64E8U8mgYJftnQut5RwinqrB68sQ":{"received":4341.34116782,"trx_counter":1},"bc1qra22hsgut7sdy2jm97pmly72lhm3hqhhmplq9thmlgps9j98hshs8rzc9p":{"received":156.15435012,"trx_counter":1},"3PgTZoTfBX5R6vPRC253cr6LwFqwpEjf7S":{"received":215.05751912,"trx_counter":1},"19iqYbeATe4RxghQZJnYVFU4mjUUu76EA6":{"received":34854.83974643,"trx_counter":3},"3QjvBu9meuGKADuCdTtRqk21Zjvjz8uwdC":{"received":600,"trx_counter":1},"bc1qup77ak54ukmgj5aqxcg7w5mtleh2y79hyvhaw4":{"received":125.37974007,"trx_counter":1},"3GkZuNAUZH1zgBH7rSp99z4SZkW9JZfSU7":{"received":333.27793401,"trx_counter":1},"3FkyNhbCsHcRsv8jBnP9DB2onkNjXZxZHX":{"received":1396.2961673500001,"trx_counter":1},"333Y9Xgcj3CDgSYYizFoNTEcneTeHcpKvx":{"received":1531.6115571,"trx_counter":1},"bc1qq9tk3uhcx58y5qvmzs50nhs49m0pdkmrfpkzs4":{"received":2639.71045816,"trx_counter":8},"3Mdf6qofcCJaGFRKZmKZyqCfUcDuPZe2ux":{"received":1720.07427685,"trx_counter":1},"3L3NYVZHwtPPmGAqPFYpCm7ekuLYkEyTbP":{"received":4341.34060296,"trx_counter":1},"129FtWsHvbU7G28St8CCoXnjKyfEZbL5sd":{"received":217.14309352,"trx_counter":2},"bc1qm9dpm35mmfy2gnuvlx3zaew8psc9frr8vu7eyl":{"received":119.56663986000001,"trx_counter":1},"bc1qrl4fcemaz8x7q3susr9ua0n2843n4k63evmzd637sdfzys4nnmcsyvypez":{"received":142.12390119,"trx_counter":1},"3JZq4atUahhuA9rLhXLMhhTo133J9rF97j":{"received":166.72187,"trx_counter":1},"1Kr6QSydW9bFQG1mXiPNNu6WpJGmUa9i1g":{"received":1427.06576572,"trx_counter":3},"3KdQMK29xsuL7AoiMqT4Equv34Pg6tuvgM":{"received":129.99593007000001,"trx_counter":1},"38HsJ3LAm9eUQhfCa7KXbsrUC6daWtZBjq":{"received":333.27763715000003,"trx_counter":1},"39RXgRpbDzM6CM85M2DcmGYL31LLgqeRFi":{"received":1396.28594915,"trx_counter":1},"3EpQBhR6QrCdiYfeDcxNktWPVsqQjuguTU":{"received":1531.61127037,"trx_counter":1},"33vjvvPugyMBnhJe6gTyXaPJ3uaDXyKaDL":{"received":4341.3402966,"trx_counter":1},"bc1qxv9vek0xts9ktv0l06a6stsx404cps9n4dsew8":{"received":119.56225587,"trx_counter":1},"bc1qnyrae84frwajpmltuv87nmvm9ue0fks88ejqhxhef6xz4hzwdlgs4ejzjh":{"received":199.9995,"trx_counter":1},"bc1q8snkqnxkjltrah7r33m2pww7pnh3qrqp7q9e3t74slnzmzt9x37sj5t829":{"received":133.75138165,"trx_counter":1},"bc1q0hjgrduhtchpgm3ara3fxhjuqjm2g8arupagc6wxhfstprdcv2nslfdpgf":{"received":104.4242239,"trx_counter":1},"3Cvw93PvZqAdRMMzEUgLJxvZ44WMS9X4xA":{"received":129.99564893000002,"trx_counter":1},"bc1q6w3wpu3t9rmjahslng0u5x6s25qukewrn8ncgregdaw6xlzapv7sk44jpn":{"received":131.82071522,"trx_counter":1},"3LfiyRJmCk7kXbLttom8sKA4QDJhHxqccu":{"received":184.88930234,"trx_counter":1},"3NBAQnDVXWdcXgKoNTiiLrmhEbET2HY812":{"received":1396.28566841,"trx_counter":1},"34ZbWNvJpKSgC73Gk2g3M3VoFYTBTMByPq":{"received":4341.34001613,"trx_counter":1},"bc1q57n7jc505p8hw5pm2wr6frmsprmdzqnsm8azc5wtwwzey3unpu8sul66u8":{"received":109.04704591000001,"trx_counter":1},"3GH4EhMi1MG8rxSiAWqfoiUCMLaWPTCxuy":{"received":167.74936315,"trx_counter":1},"3HceyLmeieDhzR8jjWzjeVoXzNVZLVjpUF":{"received":125.36567398,"trx_counter":1},"33UyCFfUsrLoj58RKZjihngkxDk8YTXrJ9":{"received":129.99536285,"trx_counter":1},"3KCwvPryEYdC5Dj8NDe7axNqvLL7q7ohvS":{"received":1396.28538623,"trx_counter":1},"3BPvjrtBJwZDhHSHhxeQAKz7SSjqrLZdRW":{"received":1531.59546525,"trx_counter":1},"3EZUweoRbhoLunoLV8woomGyuNRJTa8473":{"received":4341.33970665,"trx_counter":1},"bc1qaw7e304esayf9ph9j5hn8uz6nwecudy6kvp2wu":{"received":127.41972478,"trx_counter":1},"bc1qyvqqry8vz5z8dpy2c8kzn9akzcycuf46jlurw5c89maw6g0cea0sqxvq8n":{"received":109.42471794000001,"trx_counter":1},"1L1HSXXNVJ9HU8ZXkngVVyhTgs8PQv92qJ":{"received":107.76091824,"trx_counter":1},"3QFtYbR22en2AizTb7JVFA9bL2rf1fbNJr":{"received":204,"trx_counter":1}}